model,NRI,NRI_events,NRI_nonevents,IDI,delta_auroc,p_value
NeuralCDE+Graph★,0.5732568402471316,0.1363636363636364,0.4368932038834952,0.12904848165437077,0.18829986760812,9.7067933468864e-08
NeuralCDE only,0.17144748455428066,-0.022727272727272707,0.19417475728155337,0.05360136332548815,0.11782877316857909,0.005415558040141155
LSTM Baseline,0.2656663724624889,0.09090909090909088,0.17475728155339804,0.0678102166612447,0.11126434245366279,0.007988496236710718
XGBoost Baseline,0.220873786407767,0.25,-0.029126213592232997,0.0559406783095876,0.06867828773168583,0.12815710785366896
